{
  "INFY": {
    "total_return": -0.001754186768612708,
    "win_rate": 0.25,
    "sharpe_ratio": -0.021424312639040696,
    "max_drawdown": 0.018091773079586478,
    "total_trades": 20
  },
  "TCS": {
    "total_return": -0.03575918689183323,
    "win_rate": 0.11764705882352941,
    "sharpe_ratio": -0.5517774226568619,
    "max_drawdown": 0.04602022191692504,
    "total_trades": 17
  },
  "RELIANCE": {
    "total_return": 0.014198225690221734,
    "win_rate": 0.36363636363636365,
    "sharpe_ratio": 0.18967078365013973,
    "max_drawdown": 0.021827113209651427,
    "total_trades": 22
  },
  "HDFCBANK": {
    "total_return": -0.03166151580168706,
    "win_rate": 0.1111111111111111,
    "sharpe_ratio": -0.5607664018652416,
    "max_drawdown": 0.03166151580168706,
    "total_trades": 18
  },
  "ICICIBANK": {
    "total_return": -0.023061262532266556,
    "win_rate": 0.21739130434782608,
    "sharpe_ratio": -0.3069940468194704,
    "max_drawdown": 0.024603336651894344,
    "total_trades": 23
  }
}