{
  "INFY": {
    "total_return": -0.023276436251731793,
    "win_rate": 0.17647058823529413,
    "sharpe_ratio": -0.3823038850204107,
    "max_drawdown": 0.041613202309676973,
    "total_trades": 17
  },
  "TCS": {
    "total_return": -0.036548410038376895,
    "win_rate": 0.16666666666666666,
    "sharpe_ratio": -0.5857218604026798,
    "max_drawdown": 0.04434662727834621,
    "total_trades": 24
  },
  "RELIANCE": {
    "total_return": -0.019477033018136428,
    "win_rate": 0.2222222222222222,
    "sharpe_ratio": -0.23409862839574866,
    "max_drawdown": 0.03752818163817034,
    "total_trades": 27
  },
  "HDFCBANK": {
    "total_return": 0.01848860110871581,
    "win_rate": 0.4375,
    "sharpe_ratio": 0.2927156637940949,
    "max_drawdown": 0.012337210101698033,
    "total_trades": 16
  },
  "ICICIBANK": {
    "total_return": -0.006952951973667805,
    "win_rate": 0.2692307692307692,
    "sharpe_ratio": -0.09053540669327606,
    "max_drawdown": 0.02472863228787846,
    "total_trades": 26
  }
}